id,group,bcis_reflection_pre,bcis_certainty_pre,bcis_total_pre,bcis_reflection_post,bcis_certainty_post,bcis_total_post,bcis_reflection_change,bcis_certainty_change,bcis_total_change,nfc_pre,autonomy_sat_pre,autonomy_frus_pre,competence_sat_pre,competence_frus_pre,relatedness_sat_pre,relatedness_frus_pre,normative_influence_pre,informational_influence_pre,topic_involvement_pre,info_processing_motivation_pre
1,control,26,16,10,27,14,13,1,-2,3,56,12,4,10,7,11,7,18,29,4.5,5
2,control,21,19,2,26,21,5,5,2,3,47,11,7,12,7,12,4,25,30,5.75,6.5
3,control,25,20,5,23,24,-1,-2,4,-6,48,9,8,8,10,11,9,20,29,2.5,5.5
4,control,32,16,16,30,16,14,-2,0,-2,51,12,8,10,8,11,10,18,24,3,4.5
5,control,25,17,8,27,18,9,2,1,1,48,9,9,8,9,7,9,22,23,3.5,4.25
6,control,33,17,16,31,17,14,-2,0,-2,50,9,11,10,8,10,8,27,30,6,5.75
7,control,28,21,7,28,20,8,0,-1,1,33,10,8,9,9,12,4,29,31,4.5,3.25
8,control,23,21,2,25,22,3,2,1,1,45,11,6,9,6,8,8,18,24,3,4.75
9,control,32,20,12,32,20,12,0,0,0,58,11,8,14,9,11,12,22,28,1,1
10,control,27,16,11,27,15,12,0,-1,1,54,11,3,11,6,11,9,19,26,5.75,4.25
11,control,26,20,6,27,20,7,1,0,1,45,14,2,14,4,14,2,19,24,4.5,4.25
12,control,21,14,7,24,14,10,3,0,3,36,11,7,9,7,9,5,20,27,5.5,5.5
13,control,30,20,10,31,21,10,1,1,0,42,12,7,8,5,8,5,10,25,5.5,5.5
14,control,29,15,14,34,16,18,5,1,4,48,12,4,10,11,13,6,21,27,5.5,5.75
15,control,30,20,10,25,20,5,-5,0,-5,54,12,4,12,4,12,4,17,14,4.75,5.5
16,control,27,21,6,23,20,3,-4,-1,-3,57,10,4,8,6,12,6,20,29,5,5.75
17,control,23,19,4,23,19,4,0,0,0,46,12,6,10,6,10,8,18,24,2.75,1.75
18,control,34,18,16,31,16,15,-3,-2,-1,49,10,10,9,12,13,10,23,27,5.75,6.75
19,control,34,17,17,30,22,8,-4,5,-9,33,12,13,6,12,6,11,32,32,4.75,4
20,control,34,22,12,36,23,13,2,1,1,66,10,10,13,9,13,12,23,30,5.5,7
21,control,21,27,-6,24,27,-3,3,0,3,45,14,10,14,6,9,6,5,28,7,7
22,control,20,17,3,24,15,9,4,-2,6,51,12,10,9,8,8,10,20,22,3.5,2.5
23,control,33,16,17,32,18,14,-1,2,-3,44,12,8,7,12,6,10,19,26,7,5
24,control,31,18,13,29,19,10,-2,1,-3,46,12,11,10,9,10,8,25,29,5.25,5.25
25,control,26,10,16,27,7,20,1,-3,4,57,12,6,12,6,13,6,27,27,3,2.5
26,control,27,22,5,22,17,5,-5,-5,0,43,12,2,9,7,6,10,24,28,3.5,6
27,control,30,17,13,29,19,10,-1,2,-3,56,9,11,8,8,10,9,18,22,4.75,5.5
28,control,23,16,7,28,18,10,5,2,3,54,10,8,12,5,13,8,27,27,3.5,4.5
29,control,29,16,13,28,18,10,-1,2,-3,26,11,14,8,11,12,11,28,32,5.25,4.75
30,control,26,24,2,28,19,9,2,-5,7,42,12,6,12,6,10,4,13,23,4.25,4.75
31,control,31,20,11,31,19,12,0,-1,1,44,9,8,11,8,10,5,20,27,5.5,6
32,control,28,18,11,28,17,11,0,-1,0,42,10,6,7,12,10,10,25,25,6,5.75
33,concept,28,18,10,33,11,22,5,-7,12,58,13,5,9,8,10,8,19,27,4.75,4.75
34,concept,18,17,1,24,19,5,6,2,4,45,9,8,13,6,10,5,24,32,5.5,6.75
35,concept,27,22,5,23,22,1,-4,0,-4,50,10,6,9,11,12,7,22,28,2.75,5.25
36,concept,30,14,16,31,15,16,1,1,0,49,11,10,8,7,13,9,20,26,3.25,4.25
37,concept,22,19,3,27,16,11,5,-3,8,46,7,10,10,8,8,11,20,24,3.25,4.5
38,concept,36,15,21,36,18,18,0,3,-3,53,11,9,11,10,9,6,25,32,6.25,5.5
39,concept,26,23,3,29,21,8,3,-2,5,35,12,7,8,11,10,5,30,29,4.25,3.5
40,concept,25,19,6,25,21,4,0,2,-2,43,9,7,11,5,7,10,20,22,3.5,4.5
41,concept,35,18,17,35,21,14,0,3,-3,60,12,6,13,11,10,10,23,30,1,1.25
42,concept,24,17,7,26,15,11,2,-2,4,52,10,4,9,7,13,8,21,24,5.5,4.5
43,concept,29,22,7,27,19,8,-2,-3,1,47,14,3,12,5,13,4,17,26,4.75,4
44,concept,19,12,7,24,14,10,5,2,3,34,12,5,10,9,7,6,19,29,5.25,5.75
45,concept,32,18,14,31,13,18,-1,-5,4,44,10,9,6,7,10,4,12,23,6,5.25
46,concept,27,17,10,36,15,21,9,-2,11,50,14,5,11,9,11,8,23,25,5.75,6
47,concept,34,23,11,29,20,9,-5,-3,-2,52,11,6,10,5,13,3,19,16,4.5,5.25
48,concept,25,19,6,26,21,5,1,2,-1,59,8,5,9,7,10,8,22,27,5.25,5.5
49,concept,21,21,0,24,19,5,3,-2,5,44,14,4,12,5,9,9,16,25,2.5,2
50,concept,37,16,21,31,18,13,-6,2,-8,51,9,12,11,10,12,12,21,29,6,6.5
51,concept,31,15,16,33,22,11,2,7,-5,31,10,14,8,10,7,9,34,30,5,3.75
52,concept,36,24,12,36,17,19,0,-7,7,68,12,8,14,11,11,10,25,31,5.25,7
53,concept,23,29,-6,24,27,-3,1,-2,3,43,13,12,12,8,11,5,7,27,7,6.75
54,concept,17,14,3,24,18,6,7,4,3,54,14,8,10,6,10,8,18,24,3.75,2.25
55,concept,35,18,17,33,16,17,-2,-2,0,42,10,10,9,10,8,12,21,24,6.75,5.25
56,concept,29,20,9,29,18,11,0,-2,2,48,13,9,12,11,8,10,23,31,5.5,5
57,concept,28,8,20,35,7,28,7,-1,8,55,10,8,10,7,14,4,28,25,2.75,2.75
58,concept,24,25,-1,22,19,3,-2,-6,4,45,14,3,11,5,8,8,22,30,3.25,6.25
59,concept,33,15,18,30,15,15,-3,0,-3,58,11,9,6,10,12,7,20,21,5,5.25
60,concept,20,19,1,28,18,10,8,-1,9,51,9,10,10,7,11,10,25,29,3.75,4.25
61,concept,31,14,17,29,16,13,-2,2,-4,28,13,12,10,9,14,13,30,31,5,5
62,concept,23,26,-3,30,19,11,7,-7,14,40,10,7,14,5,8,6,15,21,4.5,4.5
63,concept,34,18,16,32,19,13,-2,1,-3,46,11,6,10,10,12,4,22,25,5.75,5.75
64,concept,26,21,5,28,17,11,2,-4,6,41,8,8,9,10,8,12,24,27,6.25,5.5
65,emotion,24,14,10,29,14,15,5,0,5,54,10,3,12,5,13,6,16,30,4.25,5.25
66,emotion,23,21,2,27,20,7,4,-1,5,49,12,5,10,9,14,3,27,28,6,6.25
67,emotion,22,18,4,25,22,3,3,4,-1,46,7,10,7,9,9,10,18,31,2.25,5.75
68,emotion,35,19,16,30,16,14,-5,-3,-2,53,14,7,12,10,9,12,17,22,2.75,4.75
69,emotion,27,15,12,26,17,9,-1,2,-3,50,11,7,9,10,6,8,24,21,3.75,4
70,emotion,31,20,11,34,18,16,3,-2,5,48,8,13,8,9,12,10,29,28,5.75,6
71,emotion,30,18,12,29,21,8,-1,3,-4,31,9,10,11,7,14,2,27,33,4.75,3
72,emotion,20,23,-3,25,22,3,5,-1,6,47,13,4,8,8,10,6,17,25,2.5,5
73,emotion,29,22,7,35,19,16,6,-3,9,56,9,10,14,8,13,14,20,26,1.25,1
74,emotion,30,13,17,27,14,13,-3,1,-4,57,13,2,12,4,9,11,18,28,6.25,4
75,emotion,24,19,5,26,20,6,2,1,1,42,12,4,14,2,14,0,20,22,4.25,4.5
76,emotion,25,16,9,24,14,10,-1,-2,1,38,9,9,8,5,11,7,22,25,5.75,5.25
77,emotion,28,23,5,27,23,4,-1,0,-1,40,13,5,10,3,6,6,8,27,5.25,6
78,emotion,32,13,19,30,15,15,-2,2,-4,45,11,2,8,13,14,5,19,29,5.25,5.5
79,emotion,27,18,9,28,20,8,1,2,-1,56,14,3,14,2,10,5,15,12,5,5.75
80,emotion,29,24,5,25,24,1,-4,0,-4,55,12,3,6,8,14,4,18,31,4.75,6
81,emotion,26,17,9,25,17,8,-1,0,-1,48,10,8,8,7,12,6,19,22,3,1.5
82,emotion,32,20,12,29,17,12,-3,-3,0,46,12,8,7,14,14,8,24,25,5.5,7
83,emotion,37,19,18,30,22,8,-7,3,-10,35,13,11,5,13,5,13,31,34,4.5,4.25
84,emotion,31,20,11,36,17,19,5,-3,8,64,8,12,11,7,14,14,21,28,6,6.75
85,emotion,18,25,-7,24,27,-3,6,2,4,47,14,8,14,4,8,8,3,30,6.5,7
86,emotion,22,20,2,27,18,9,5,-2,7,49,10,11,7,10,6,11,22,20,3.25,2.75
87,emotion,30,13,17,32,18,14,2,5,-3,45,13,6,5,14,7,8,17,28,7,4.75
88,emotion,34,16,18,30,19,11,-4,3,-7,44,10,13,8,7,12,6,26,27,5,5.5
89,emotion,23,12,11,35,7,28,12,-5,17,60,14,5,14,4,11,8,25,29,3.5,2.25
90,emotion,31,20,11,25,19,6,-6,-1,-5,41,10,4,7,9,4,12,26,27,3.75,5.75
91,emotion,27,19,8,33,18,15,6,-1,7,53,7,13,10,6,8,11,16,24,4.5,5.75
92,emotion,25,14,11,26,20,6,1,6,-5,56,12,6,14,3,14,6,29,25,3.25,4.75
93,emotion,26,18,8,29,16,13,3,-2,5,24,9,14,7,13,10,9,26,34,5.5,4.5
94,emotion,30,22,8,30,19,11,0,-3,3,44,14,4,10,8,12,2,11,25,4,5
95,emotion,29,23,6,31,20,11,2,-3,5,42,7,10,13,6,8,7,18,29,5.25,6.25
96,emotion,31,16,15,30,15,15,-1,-1,0,45,12,5,5,14,11,8,27,23,5.75,6
97,behavior,30,17,13,31,15,16,1,-2,3,57,11,6,8,9,12,5,20,31,4.5,5.5
98,behavior,20,20,0,25,21,4,5,1,4,44,13,6,14,8,11,6,23,29,5.25,6
99,behavior,24,23,1,24,23,1,0,0,0,51,8,9,10,8,13,11,19,27,3,5
100,behavior,28,15,13,31,16,15,3,1,2,52,10,6,11,9,12,8,16,25,3.5,4
101,behavior,29,16,13,26,17,9,-3,1,-4,45,10,11,7,11,9,7,23,22,3,4.75
102,behavior,35,18,17,34,18,16,-1,0,-1,51,7,10,12,6,11,9,26,31,6.5,5.25
103,behavior,25,20,5,29,20,9,4,0,4,34,11,6,10,8,13,6,31,30,4,3.75
104,behavior,27,24,3,25,22,3,-2,-2,0,46,12,8,7,7,9,9,16,26,3.25,4.25
105,behavior,30,17,13,42,20,22,12,3,9,61,13,9,12,7,9,11,24,27,1,1.5
106,behavior,25,18,7,26,15,11,1,-3,4,51,9,5,13,8,10,7,20,25,6,4.75
107,behavior,28,21,7,27,20,7,-1,-1,0,44,14,1,13,6,12,3,21,23,4,3.75
108,behavior,18,11,7,24,14,10,6,3,3,39,13,6,11,8,10,3,18,26,5,5.5
109,behavior,33,17,16,32,19,13,-1,2,-3,43,14,8,9,4,9,7,11,24,5.75,5
110,behavior,31,16,15,34,16,18,3,0,3,47,10,6,12,10,14,4,20,28,6,5.25
111,behavior,29,22,7,30,20,10,1,-2,3,57,13,2,11,6,14,2,18,15,4.25,5
112,behavior,23,18,5,25,22,3,2,4,-2,60,9,6,10,4,11,7,21,28,5.5,5.25
113,behavior,20,22,-2,23,19,4,3,-3,6,43,11,7,9,8,8,10,20,23,2.25,1.25
114,behavior,36,15,21,32,16,16,-4,1,-5,50,11,11,8,13,11,9,25,26,6.25,6.25
115,behavior,33,20,13,31,22,9,-2,2,-4,30,14,14,7,11,8,10,30,33,5.25,3.5
116,behavior,38,25,13,37,18,19,-1,-7,6,69,9,9,14,8,12,13,24,32,5.75,7
117,behavior,25,30,-5,25,27,-2,0,-3,3,42,12,11,13,7,10,4,6,29,6.75,6.5
118,behavior,19,16,3,30,18,12,11,2,9,52,13,9,8,9,9,12,19,21,4,2
119,behavior,36,19,17,32,18,14,-4,-1,-3,47,11,7,8,13,5,9,20,25,6.5,5.5
120,behavior,28,15,13,29,20,9,1,5,-4,49,14,10,9,8,11,9,27,30,5.75,4.75
121,behavior,30,9,21,35,7,28,5,-2,7,54,11,7,13,5,12,7,29,26,3.25,3
122,behavior,25,23,2,22,18,4,-3,-5,2,46,13,0,10,6,7,11,25,29,3,6.5
123,behavior,32,14,18,29,16,13,-3,2,-5,55,8,12,9,9,9,10,17,23,5.25,5
124,behavior,21,18,3,28,18,10,7,0,7,52,11,9,11,6,14,9,28,26,4,4
125,behavior,33,17,16,27,16,11,-6,-1,-5,27,12,14,9,12,13,10,29,33,4.75,5.25
126,behavior,28,27,1,30,19,11,2,-8,10,45,13,5,11,7,11,5,14,24,4.75,4.25
127,behavior,27,19,8,31,20,11,4,1,3,41,10,9,9,7,11,6,21,28,6,5.5
128,behavior,30,20,10,30,15,15,0,-5,5,40,9,7,8,11,12,9,23,26,6.5,5.25
129,environment,23,13,10,35,14,21,12,1,11,55,14,2,11,6,9,7,17,28,4,5
130,environment,25,22,3,28,20,8,3,-2,5,50,10,9,12,5,13,4,26,31,5.75,7
131,environment,29,19,10,25,24,1,-4,5,-9,45,11,7,6,12,10,8,21,30,2,5.5
132,environment,34,17,17,31,16,15,-3,-1,-2,48,13,9,9,6,10,11,19,23,3,5
133,environment,21,20,1,28,17,11,7,-3,10,51,8,8,9,7,7,10,21,25,4,4.25
134,environment,30,14,16,32,18,14,2,4,-2,47,10,12,9,7,8,7,28,29,5.5,6.25
135,environment,32,22,10,29,22,7,-3,0,-3,36,8,9,7,10,12,3,29,32,4.5,2.75
136,environment,19,18,1,25,22,3,6,4,2,42,11,5,10,4,8,7,19,23,2.75,5.25
137,environment,36,21,15,43,20,23,7,-1,8,55,10,7,14,10,12,13,21,29,1.5,1
138,environment,28,15,13,26,16,10,-2,1,-3,56,12,1,10,5,12,10,17,27,5.25,3.75
139,environment,22,17,5,26,20,6,4,3,1,48,13,0,14,3,14,1,18,25,5,4.75
140,environment,24,15,9,24,14,10,0,-1,1,33,10,8,7,6,8,5,21,28,5.5,6
141,environment,26,21,5,32,18,14,6,-3,9,39,11,6,7,5,7,3,9,26,5,5.75
142,environment,33,12,21,28,18,10,-5,6,-11,51,13,3,9,12,12,7,22,26,5.5,6.25
143,environment,32,19,13,28,19,9,-4,0,-4,53,10,4,13,3,11,6,16,13,5.25,5.5
144,environment,31,23,8,24,22,2,-7,-1,-6,54,11,2,7,5,13,5,19,30,5,6.25
145,environment,24,16,8,26,19,7,2,3,-1,49,13,5,11,4,11,7,17,26,2.75,1.75
146,environment,30,21,9,31,15,16,1,-6,7,52,8,9,10,11,14,11,22,28,5.75,6.75
147,environment,38,18,20,31,20,11,-7,2,-9,32,12,12,6,14,4,12,33,31,4.25,4.5
148,environment,32,19,13,36,21,15,4,2,2,70,11,11,12,10,14,11,22,29,5.5,6.5
149,environment,19,28,-9,28,27,1,9,-1,10,46,14,9,14,5,7,7,4,26,7,7
150,environment,24,15,9,28,15,13,4,0,4,48,11,12,11,7,7,9,21,23,3,3
151,environment,31,14,17,32,18,14,1,4,-3,41,14,9,6,11,6,11,18,27,7,4.5
152,environment,35,21,14,29,18,11,-6,-3,-3,43,12,12,11,10,9,7,24,28,5.25,5.75
153,environment,25,11,14,35,7,28,10,-4,14,59,13,4,11,8,14,5,27,28,2.5,2
154,environment,29,24,5,25,18,7,-4,-6,2,40,11,1,8,7,5,9,23,26,4,5.5
155,environment,26,20,6,29,14,15,3,-6,9,59,10,10,7,7,11,8,19,20,4.25,6
156,environment,27,13,14,28,18,10,1,5,-4,57,8,7,13,4,12,7,26,28,3,4.5
157,environment,25,19,6,29,16,13,4,-3,7,23,10,13,6,10,11,12,27,30,5.75,4.25
158,environment,22,25,-3,30,19,11,8,-6,14,39,12,8,13,4,9,3,12,22,3.75,5.25
159,environment,35,17,18,31,20,11,-4,3,-7,47,8,7,12,9,9,3,19,26,5.5,6.5
160,environment,24,15,9,30,16,14,6,1,5,44,11,4,6,13,9,11,26,24,5.5,5.75
