id,group,cfi_alternatives_pre,cfi_control_pre,cfi_total_pre,cfi_alternatives_post,cfi_control_post,cfi_total_post,cfi_alternatives_change,cfi_control_change,cfi_total_change,nfc_pre,autonomy_sat_pre,autonomy_frus_pre,competence_sat_pre,competence_frus_pre,relatedness_sat_pre,relatedness_frus_pre,normative_influence_pre,informational_influence_pre,topic_involvement_pre,info_processing_motivation_pre
1,control,41,29,70,45,29,74,4,0,4,56,12,4,10,7,11,7,18,29,4.5,5
2,control,51,25,76,58,29,87,7,4,11,47,11,7,12,7,12,4,25,30,5.75,6.5
3,control,54,24,78,54,27,81,0,3,3,48,9,8,8,10,11,9,20,29,2.5,5.5
4,control,37,27,64,39,28,67,2,1,3,51,12,8,10,8,11,10,18,24,3,4.5
5,control,46,21,67,50,21,71,4,0,4,48,9,9,8,9,7,9,22,23,3.5,4.25
6,control,54,31,85,55,29,84,1,-2,-1,50,9,11,10,8,10,8,27,30,6,5.75
7,control,49,27,76,46,27,73,-3,0,-3,33,10,8,9,9,12,4,29,31,4.5,3.25
8,control,52,24,76,47,27,74,-5,3,-2,45,11,6,9,6,8,8,18,24,3,4.75
9,control,57,20,77,58,27,85,1,7,8,58,11,8,14,9,11,12,22,28,1,1
10,control,50,31,81,52,33,85,2,2,4,54,11,3,11,6,11,9,19,26,5.75,4.25
11,control,56,25,81,58,27,85,2,2,4,45,14,2,14,4,14,2,19,24,4.5,4.25
12,control,42,27,69,48,27,75,6,0,6,36,11,7,9,7,9,5,20,27,5.5,5.5
13,control,45,25,70,49,34,83,4,9,13,42,12,7,8,5,8,5,10,25,5.5,5.5
14,control,47,24,71,55,30,85,8,6,14,48,12,4,10,11,13,6,21,27,5.5,5.75
15,control,62,33,95,60,28,88,-2,-5,-7,54,12,4,12,4,12,4,17,14,4.75,5.5
16,control,61,19,80,60,24,84,-1,5,4,57,10,4,8,6,12,6,20,29,5,5.75
17,control,41,26,67,41,26,67,0,0,0,46,12,6,10,6,10,8,18,24,2.75,1.75
18,control,57,21,78,62,24,86,5,3,8,49,10,10,9,12,13,10,23,27,5.75,6.75
19,control,40,15,55,30,12,42,-10,-3,-13,33,12,13,6,12,6,11,32,32,4.75,4
20,control,55,30,85,59,25,84,4,-5,-1,66,10,10,13,9,13,12,23,30,5.5,7
21,control,38,33,71,45,35,80,7,2,9,45,14,10,14,6,9,6,5,28,7,7
22,control,32,19,51,30,21,51,-2,2,0,51,12,10,9,8,8,10,20,22,3.5,2.5
23,control,40,16,56,40,19,59,0,3,3,44,12,8,7,12,6,10,19,26,7,5
24,control,45,22,67,47,21,68,2,-1,1,46,12,11,10,9,10,8,25,29,5.25,5.25
25,control,40,26,66,46,25,71,6,-1,5,57,12,6,12,6,13,6,27,27,3,2.5
26,control,41,26,67,36,27,63,-5,1,-4,43,12,2,9,7,6,10,24,28,3.5,6
27,control,50,22,72,65,19,84,15,-3,12,56,9,11,8,8,10,9,18,22,4.75,5.5
28,control,49,25,74,52,28,80,3,3,6,54,10,8,12,5,13,8,27,27,3.5,4.5
29,control,47,24,71,45,19,64,-2,-5,-7,26,11,14,8,11,12,11,28,32,5.25,4.75
30,control,47,30,77,39,30,69,-8,0,-8,42,12,6,12,6,10,4,13,23,4.25,4.75
31,control,48,23,71,48,24,72,0,1,1,44,9,8,11,8,10,5,20,27,5.5,6
32,control,59,18,77,56,22,78,-3,4,1,42,10,6,7,12,10,10,25,25,6,5.75
33,concept,44,30,74,53,33,86,9,3,12,58,13,5,9,8,10,8,19,27,4.75,4.75
34,concept,47,23,70,50,26,76,3,3,6,45,9,8,13,6,10,5,24,32,5.5,6.75
35,concept,58,26,84,52,29,81,-6,3,-3,50,10,6,9,11,12,7,22,28,2.75,5.25
36,concept,34,25,59,39,29,68,5,4,9,49,11,10,8,7,13,9,20,26,3.25,4.25
37,concept,50,22,72,49,21,70,-1,-1,-2,46,7,10,10,8,8,11,20,24,3.25,4.5
38,concept,49,33,82,60,28,88,11,-5,6,53,11,9,11,10,9,6,25,32,6.25,5.5
39,concept,53,25,78,46,26,72,-7,1,-6,35,12,7,8,11,10,5,30,29,4.25,3.5
40,concept,48,26,74,49,28,77,1,2,3,43,9,7,11,5,7,10,20,22,3.5,4.5
41,concept,62,18,80,63,29,92,1,11,12,60,12,6,13,11,10,10,23,30,1,1.25
42,concept,46,32,78,51,32,83,5,0,5,52,10,4,9,7,13,8,21,24,5.5,4.5
43,concept,59,27,86,59,29,88,0,2,2,47,14,3,12,5,13,4,17,26,4.75,4
44,concept,38,25,63,47,27,74,9,2,11,34,12,5,10,9,7,6,19,29,5.25,5.75
45,concept,49,26,75,55,32,87,6,6,12,44,10,9,6,7,10,4,12,23,6,5.25
46,concept,43,22,65,58,33,91,15,11,26,50,14,5,11,9,11,8,23,25,5.75,6
47,concept,65,35,100,52,28,80,-13,-7,-20,52,11,6,10,5,13,3,19,16,4.5,5.25
48,concept,58,17,75,58,19,77,0,2,2,59,8,5,9,7,10,8,22,27,5.25,5.5
49,concept,45,28,73,46,26,72,1,-2,-1,44,14,4,12,5,9,9,16,25,2.5,2
50,concept,53,20,73,62,23,85,9,3,12,51,9,12,11,10,12,12,21,29,6,6.5
51,concept,36,16,52,34,12,46,-2,-4,-6,31,10,14,8,10,7,9,34,30,5,3.75
52,concept,60,28,88,59,25,84,-1,-3,-4,68,12,8,14,11,11,10,25,31,5.25,7
53,concept,34,34,68,45,35,80,11,1,12,43,13,12,12,8,11,5,7,27,7,6.75
54,concept,37,21,58,36,16,52,-1,-5,-6,54,14,8,10,6,10,8,18,24,3.75,2.25
55,concept,43,14,57,39,21,60,-4,7,3,42,10,10,9,10,8,12,21,24,6.75,5.25
56,concept,41,24,65,49,21,70,8,-3,5,48,13,9,12,11,8,10,23,31,5.5,5
57,concept,46,25,71,56,26,82,10,1,11,55,10,8,10,7,14,4,28,25,2.75,2.75
58,concept,36,28,64,40,31,71,4,3,7,45,14,3,11,5,8,8,22,30,3.25,6.25
59,concept,55,20,75,54,24,78,-1,4,3,58,11,9,6,10,12,7,20,21,5,5.25
60,concept,45,27,72,50,30,80,5,3,8,51,9,10,10,7,11,10,25,29,3.75,4.25
61,concept,51,23,74,47,24,71,-4,1,-3,28,13,12,10,9,14,13,30,31,5,5
62,concept,42,31,73,45,32,77,3,1,4,40,10,7,14,5,8,6,15,21,4.5,4.5
63,concept,52,21,73,54,24,78,2,3,5,46,11,6,10,10,12,4,22,25,5.75,5.75
64,concept,63,19,82,59,22,81,-4,3,-1,41,8,8,9,10,8,12,24,27,6.25,5.5
65,emotion,36,27,63,47,28,75,11,1,12,54,10,3,12,5,13,6,16,30,4.25,5.25
66,emotion,55,26,81,52,28,80,-3,2,-1,49,12,5,10,9,14,3,27,28,6,6.25
67,emotion,50,22,72,55,29,84,5,7,12,46,7,10,7,9,9,10,18,31,2.25,5.75
68,emotion,41,29,70,39,27,66,-2,-2,-4,53,14,7,12,10,9,12,17,22,2.75,4.75
69,emotion,42,19,61,50,19,69,8,0,8,50,11,7,9,10,6,8,24,21,3.75,4
70,emotion,59,30,89,59,26,85,0,-4,-4,48,8,13,8,9,12,10,29,28,5.75,6
71,emotion,45,28,73,46,23,69,1,-5,-4,31,9,10,11,7,14,2,27,33,4.75,3
72,emotion,57,22,79,46,26,72,-11,4,-7,47,13,4,8,8,10,6,17,25,2.5,5
73,emotion,53,21,74,64,30,94,11,9,20,56,9,10,14,8,13,14,20,26,1.25,1
74,emotion,54,29,83,54,33,87,0,4,4,57,13,2,12,4,9,11,18,28,6.25,4
75,emotion,51,24,75,58,27,85,7,3,10,42,12,4,14,2,14,0,20,22,4.25,4.5
76,emotion,46,28,74,48,27,75,2,-1,1,38,9,9,8,5,11,7,22,25,5.75,5.25
77,emotion,40,23,63,53,33,86,13,10,23,40,13,5,10,3,6,6,8,27,5.25,6
78,emotion,52,25,77,54,26,80,2,1,3,45,11,2,8,13,14,5,19,29,5.25,5.5
79,emotion,58,31,89,46,26,72,-12,-5,-17,56,14,3,14,2,10,5,15,12,5,5.75
80,emotion,65,20,85,63,22,85,-2,2,0,55,12,3,6,8,14,4,18,31,4.75,6
81,emotion,37,24,61,47,27,74,10,3,13,48,10,8,8,7,12,6,19,22,3,1.5
82,emotion,61,23,84,61,24,85,0,1,1,46,12,8,7,14,14,8,24,25,5.5,7
83,emotion,44,13,57,32,13,45,-12,0,-12,35,13,11,5,13,5,13,31,34,4.5,4.25
84,emotion,49,31,80,59,25,84,10,-6,4,64,8,12,11,7,14,14,21,28,6,6.75
85,emotion,42,35,77,45,35,80,3,0,3,47,14,8,14,4,8,8,3,30,6.5,7
86,emotion,28,17,45,35,19,54,7,2,9,49,10,11,7,10,6,11,22,20,3.25,2.75
87,emotion,35,18,53,40,19,59,5,1,6,45,13,6,5,14,7,8,17,28,7,4.75
88,emotion,50,20,70,50,21,71,0,1,1,44,10,13,8,7,12,6,26,27,5,5.5
89,emotion,37,27,64,56,26,82,19,-1,18,60,14,5,14,4,11,8,25,29,3.5,2.25
90,emotion,47,24,71,44,29,73,-3,5,2,41,10,4,7,9,4,12,26,27,3.75,5.75
91,emotion,46,23,69,62,24,86,16,1,17,53,7,13,10,6,8,11,16,24,4.5,5.75
92,emotion,54,26,80,49,25,74,-5,-1,-6,56,12,6,14,3,14,6,29,25,3.25,4.75
93,emotion,43,26,69,45,19,64,2,-7,-5,24,9,14,7,13,10,9,26,34,5.5,4.5
94,emotion,53,28,81,45,32,77,-8,4,-4,44,14,4,10,8,12,2,11,25,4,5
95,emotion,44,25,69,48,23,71,4,-2,2,42,7,10,13,6,8,7,18,29,5.25,6.25
96,emotion,56,16,72,60,21,81,4,5,9,45,12,5,5,14,11,8,27,23,5.75,6
97,behavior,47,31,78,50,29,79,3,-2,1,57,11,6,8,9,12,5,20,31,4.5,5.5
98,behavior,50,24,74,56,27,83,6,3,9,44,13,6,14,8,11,6,23,29,5.25,6
99,behavior,60,25,85,50,26,76,-10,1,-9,51,8,9,10,8,13,11,19,27,3,5
100,behavior,32,26,58,41,29,70,9,3,12,52,10,6,11,9,12,8,16,25,3.5,4
101,behavior,48,23,71,49,20,69,1,-3,-2,45,10,11,7,11,9,7,23,22,3,4.75
102,behavior,56,29,85,59,26,85,3,-3,0,51,7,10,12,6,11,9,26,31,6.5,5.25
103,behavior,43,29,72,48,26,74,5,-3,2,34,11,6,10,8,13,6,31,30,4,3.75
104,behavior,55,25,80,47,27,74,-8,2,-6,46,12,8,7,7,9,9,16,26,3.25,4.25
105,behavior,65,22,87,64,30,94,-1,8,7,61,13,9,12,7,9,11,24,27,1,1.5
106,behavior,48,33,81,51,32,83,3,-1,2,51,9,5,13,8,10,7,20,25,6,4.75
107,behavior,62,23,85,58,27,85,-4,4,0,44,14,1,13,6,12,3,21,23,4,3.75
108,behavior,37,29,66,48,27,75,11,-2,9,39,13,6,11,8,10,3,18,26,5,5.5
109,behavior,47,27,74,48,32,80,1,5,6,43,14,8,9,4,9,7,11,24,5.75,5
110,behavior,45,23,68,56,31,87,11,8,19,47,10,6,12,10,14,4,20,28,6,5.25
111,behavior,60,34,94,52,28,80,-8,-6,-14,57,13,2,11,6,14,2,18,15,4.25,5
112,behavior,57,18,75,62,22,84,5,4,9,60,9,6,10,4,11,7,21,28,5.5,5.25
113,behavior,39,27,66,41,26,67,2,-1,1,43,11,7,9,8,8,10,20,23,2.25,1.25
114,behavior,59,19,78,60,20,80,1,1,2,50,11,11,8,13,11,9,25,26,6.25,6.25
115,behavior,35,17,52,36,12,48,1,-5,-4,30,14,14,7,11,8,10,30,33,5.25,3.5
116,behavior,58,29,87,59,25,84,1,-4,-3,69,9,9,14,8,12,13,24,32,5.75,7
117,behavior,40,32,72,48,35,83,8,3,11,42,12,11,13,7,10,4,6,29,6.75,6.5
118,behavior,34,20,54,38,19,57,4,-1,3,52,13,9,8,9,9,12,19,21,4,2
119,behavior,46,15,61,40,19,59,-6,4,-2,47,11,7,8,13,5,9,20,25,6.5,5.5
120,behavior,39,21,60,46,21,67,7,0,7,49,14,10,9,8,11,9,27,30,5.75,4.75
121,behavior,44,28,72,56,26,82,12,-2,10,54,11,7,13,5,12,7,29,26,3.25,3
122,behavior,43,25,68,41,30,71,-2,5,3,46,13,0,10,6,7,11,25,29,3,6.5
123,behavior,53,21,74,57,21,78,4,0,4,55,8,12,9,9,9,10,17,23,5.25,5
124,behavior,47,24,71,52,26,78,5,2,7,52,11,9,11,6,14,9,28,26,4,4
125,behavior,50,22,72,44,19,63,-6,-3,-9,27,12,14,9,12,13,10,29,33,4.75,5.25
126,behavior,45,32,77,45,32,77,0,0,0,45,13,5,11,7,11,5,14,24,4.75,4.25
127,behavior,54,24,78,48,23,71,-6,-1,-7,41,10,9,9,7,11,6,21,28,6,5.5
128,behavior,65,20,85,58,18,76,-7,-2,-9,40,9,7,8,11,12,9,23,26,6.5,5.25
129,environment,39,28,67,53,29,82,14,1,15,55,14,2,11,6,9,7,17,28,4,5
130,environment,57,27,84,57,27,84,0,0,0,50,10,9,12,5,13,4,26,31,5.75,7
131,environment,49,23,72,53,29,82,4,6,10,45,11,7,6,12,10,8,21,30,2,5.5
132,environment,43,28,71,40,27,67,-3,-1,-4,48,13,9,9,6,10,11,19,23,3,5
133,environment,44,20,64,47,20,67,3,0,3,51,8,8,9,7,7,10,21,25,4,4.25
134,environment,52,32,84,55,27,82,3,-5,-2,47,10,12,9,7,8,7,28,29,5.5,6.25
135,environment,55,26,81,46,24,70,-9,-2,-11,36,8,9,7,10,12,3,29,32,4.5,2.75
136,environment,46,23,69,48,25,73,2,2,4,42,11,5,10,4,8,7,19,23,2.75,5.25
137,environment,59,19,78,64,30,94,5,11,16,55,10,7,14,10,12,13,21,29,1.5,1
138,environment,55,30,85,50,31,81,-5,1,-4,56,12,1,10,5,12,10,17,27,5.25,3.75
139,environment,52,26,78,58,27,85,6,1,7,48,13,0,14,3,14,1,18,25,5,4.75
140,environment,48,26,74,48,27,75,0,1,1,33,10,8,7,6,8,5,21,28,5.5,6
141,environment,41,24,65,53,28,81,12,4,16,39,11,6,7,5,7,3,9,26,5,5.75
142,environment,51,26,77,53,25,78,2,-1,1,51,13,3,9,12,12,7,22,26,5.5,6.25
143,environment,64,32,96,52,27,79,-12,-5,-17,53,10,4,13,3,11,6,16,13,5.25,5.5
144,environment,55,21,76,59,22,81,4,1,5,54,11,2,7,5,13,5,19,30,5,6.25
145,environment,46,25,71,44,27,71,-2,2,0,49,13,5,11,4,11,7,17,26,2.75,1.75
146,environment,63,22,85,63,24,87,0,2,2,52,8,9,10,11,14,11,22,28,5.75,6.75
147,environment,38,14,52,35,13,48,-3,-1,-4,32,12,12,6,14,4,12,33,31,4.25,4.5
148,environment,53,32,85,59,25,84,6,-7,-1,70,11,11,12,10,14,11,22,29,5.5,6.5
149,environment,32,31,63,50,35,85,18,4,22,46,14,9,14,5,7,7,4,26,7,7
150,environment,30,18,48,33,21,54,3,3,6,48,11,12,11,7,7,9,21,23,3,3
151,environment,37,17,54,40,17,57,3,0,3,41,14,9,6,11,6,11,18,27,7,4.5
152,environment,48,23,71,47,22,69,-1,-1,-2,43,12,12,11,10,9,7,24,28,5.25,5.75
153,environment,35,24,59,56,26,82,21,2,23,59,13,4,11,8,14,5,27,28,2.5,2
154,environment,45,27,72,43,31,74,-2,4,2,40,11,1,8,7,5,9,23,26,4,5.5
155,environment,44,24,68,52,21,73,8,-3,5,59,10,10,7,7,11,8,19,20,4.25,6
156,environment,52,23,75,52,26,78,0,3,3,57,8,7,13,4,12,7,26,28,3,4.5
157,environment,41,25,66,47,24,71,6,-1,5,23,10,13,6,10,11,12,27,30,5.75,4.25
158,environment,49,29,78,45,32,77,-4,3,-1,39,12,8,13,4,9,3,12,22,3.75,5.25
159,environment,42,22,64,48,23,71,6,1,7,47,8,7,12,9,9,3,19,26,5.5,6.5
160,environment,61,17,78,58,21,79,-3,4,1,44,11,4,6,13,9,11,26,24,5.5,5.75
