id,group,pbs_pre,pbs_post,pbs_change,nfc_pre,autonomy_sat_pre,autonomy_frus_pre,competence_sat_pre,competence_frus_pre,relatedness_sat_pre,relatedness_frus_pre,normative_influence_pre,informational_influence_pre,topic_involvement_pre,info_processing_motivation_pre
1,control,21,35,14,56,12,4,10,7,11,7,18,29,4.5,5
2,control,19,63,44,47,11,7,12,7,12,4,25,30,5.75,6.5
3,control,59,58,-1,48,9,8,8,10,11,9,20,29,2.5,5.5
4,control,58,61,3,51,12,8,10,8,11,10,18,24,3,4.5
5,control,49,46,-3,48,9,9,8,9,7,9,22,23,3.5,4.25
6,control,55,57,2,50,9,11,10,8,10,8,27,30,6,5.75
7,control,29,48,19,33,10,8,9,9,12,4,29,31,4.5,3.25
8,control,46,48,2,45,11,6,9,6,8,8,18,24,3,4.75
9,control,32,52,20,58,11,8,14,9,11,12,22,28,1,1
10,control,40,44,4,54,11,3,11,6,11,9,19,26,5.75,4.25
11,control,53,62,9,45,14,2,14,4,14,2,19,24,4.5,4.25
12,control,46,64,18,36,11,7,9,7,9,5,20,27,5.5,5.5
13,control,58,59,1,42,12,7,8,5,8,5,10,25,5.5,5.5
14,control,61,68,7,48,12,4,10,11,13,6,21,27,5.5,5.75
15,control,48,60,12,54,12,4,12,4,12,4,17,14,4.75,5.5
16,control,50,60,10,57,10,4,8,6,12,6,20,29,5,5.75
17,control,57,57,0,46,12,6,10,6,10,8,18,24,2.75,1.75
18,control,43,62,19,49,10,10,9,12,13,10,23,27,5.75,6.75
19,control,44,54,10,33,12,13,6,12,6,11,32,32,4.75,4
20,control,25,53,28,66,10,10,13,9,13,12,23,30,5.5,7
21,control,53,55,2,45,14,10,14,6,9,6,5,28,7,7
22,control,34,40,6,51,12,10,9,8,8,10,20,22,3.5,2.5
23,control,31,32,1,44,12,8,7,12,6,10,19,26,7,5
24,control,51,59,8,46,12,11,10,9,10,8,25,29,5.25,5.25
25,control,52,59,7,57,12,6,12,6,13,6,27,27,3,2.5
26,control,63,69,6,43,12,2,9,7,6,10,24,28,3.5,6
27,control,55,62,7,56,9,11,8,8,10,9,18,22,4.75,5.5
28,control,38,41,3,54,10,8,12,5,13,8,27,27,3.5,4.5
29,control,33,62,29,26,11,14,8,11,12,11,28,32,5.25,4.75
30,control,41,62,21,42,12,6,12,6,10,4,13,23,4.25,4.75
31,control,46,49,3,44,9,8,11,8,10,5,20,27,5.5,6
32,control,52,52,0,42,10,6,7,12,10,10,25,25,6,5.75
33,concept,22,61,39,58,13,5,9,8,10,8,19,27,4.75,4.75
34,concept,17,57,40,45,9,8,13,6,10,5,24,32,5.5,6.75
35,concept,61,59,-2,50,10,6,9,11,12,7,22,28,2.75,5.25
36,concept,56,65,9,49,11,10,8,7,13,9,20,26,3.25,4.25
37,concept,50,48,-2,46,7,10,10,8,8,11,20,24,3.25,4.5
38,concept,53,58,5,53,11,9,11,10,9,6,25,32,6.25,5.5
39,concept,31,59,28,35,12,7,8,11,10,5,30,29,4.25,3.5
40,concept,44,54,10,43,9,7,11,5,7,10,20,22,3.5,4.5
41,concept,34,55,21,60,12,6,13,11,10,10,23,30,1,1.25
42,concept,39,46,7,52,10,4,9,7,13,8,21,24,5.5,4.5
43,concept,55,70,15,47,14,3,12,5,13,4,17,26,4.75,4
44,concept,48,70,22,34,12,5,10,9,7,6,19,29,5.25,5.75
45,concept,60,70,10,44,10,9,6,7,10,4,12,23,6,5.25
46,concept,63,70,7,50,14,5,11,9,11,8,23,25,5.75,6
47,concept,46,67,21,52,11,6,10,5,13,3,19,16,4.5,5.25
48,concept,52,70,18,59,8,5,9,7,10,8,22,27,5.25,5.5
49,concept,58,64,6,44,14,4,12,5,9,9,16,25,2.5,2
50,concept,41,68,27,51,9,12,11,10,12,12,21,29,6,6.5
51,concept,45,58,13,31,10,14,8,10,7,9,34,30,5,3.75
52,concept,23,70,47,68,12,8,14,11,11,10,25,31,5.25,7
53,concept,54,64,10,43,13,12,12,8,11,5,7,27,7,6.75
54,concept,36,43,7,54,14,8,10,6,10,8,18,24,3.75,2.25
55,concept,29,41,12,42,10,10,9,10,8,12,21,24,6.75,5.25
56,concept,53,64,11,48,13,9,12,11,8,10,23,31,5.5,5
57,concept,50,70,20,55,10,8,10,7,14,4,28,25,2.75,2.75
58,concept,65,70,5,45,14,3,11,5,8,8,22,30,3.25,6.25
59,concept,57,67,10,58,11,9,6,10,12,7,20,21,5,5.25
60,concept,36,49,13,51,9,10,10,7,11,10,25,29,3.75,4.25
61,concept,31,68,37,28,13,12,10,9,14,13,30,31,5,5
62,concept,43,70,27,40,10,7,14,5,8,6,15,21,4.5,4.5
63,concept,48,53,5,46,11,6,10,10,12,4,22,25,5.75,5.75
64,concept,51,59,8,41,8,8,9,10,8,12,24,27,6.25,5.5
65,emotion,19,54,35,54,10,3,12,5,13,6,16,30,4.25,5.25
66,emotion,21,47,26,49,12,5,10,9,14,3,27,28,6,6.25
67,emotion,57,53,-4,46,7,10,7,9,9,10,18,31,2.25,5.75
68,emotion,60,64,4,53,14,7,12,10,9,12,17,22,2.75,4.75
69,emotion,47,50,3,50,11,7,9,10,6,8,24,21,3.75,4
70,emotion,58,58,0,48,8,13,8,9,12,10,29,28,5.75,6
71,emotion,27,47,20,31,9,10,11,7,14,2,27,33,4.75,3
72,emotion,49,48,-1,47,13,4,8,8,10,6,17,25,2.5,5
73,emotion,30,50,20,56,9,10,14,8,13,14,20,26,1.25,1
74,emotion,42,40,-2,57,13,2,12,4,9,11,18,28,6.25,4
75,emotion,51,66,15,42,12,4,14,2,14,0,20,22,4.25,4.5
76,emotion,43,60,17,38,9,9,8,5,11,7,22,25,5.75,5.25
77,emotion,56,63,7,40,13,5,10,3,6,6,8,27,5.25,6
78,emotion,59,67,8,45,11,2,8,13,14,5,19,29,5.25,5.5
79,emotion,51,58,7,56,14,3,14,2,10,5,15,12,5,5.75
80,emotion,48,68,20,55,12,3,6,8,14,4,18,31,4.75,6
81,emotion,55,59,4,48,10,8,8,7,12,6,19,22,3,1.5
82,emotion,46,57,11,46,12,8,7,14,14,8,24,25,5.5,7
83,emotion,42,49,7,35,13,11,5,13,5,13,31,34,4.5,4.25
84,emotion,28,65,37,64,8,12,11,7,14,14,21,28,6,6.75
85,emotion,50,66,16,47,14,8,14,4,8,8,3,30,6.5,7
86,emotion,32,43,11,49,10,11,7,10,6,11,22,20,3.25,2.75
87,emotion,34,33,-1,45,13,6,5,14,7,8,17,28,7,4.75
88,emotion,49,58,9,44,10,13,8,7,12,6,26,27,5,5.5
89,emotion,55,67,12,60,14,5,14,4,11,8,25,29,3.5,2.25
90,emotion,61,67,6,41,10,4,7,9,4,12,26,27,3.75,5.75
91,emotion,52,61,9,53,7,13,10,6,8,11,16,24,4.5,5.75
92,emotion,40,40,0,56,12,6,14,3,14,6,29,25,3.25,4.75
93,emotion,35,68,33,24,9,14,7,13,10,9,26,34,5.5,4.5
94,emotion,39,70,31,44,14,4,10,8,12,2,11,25,4,5
95,emotion,44,55,11,42,7,10,13,6,8,7,18,29,5.25,6.25
96,emotion,54,55,1,45,12,5,5,14,11,8,27,23,5.75,6
97,behavior,24,54,30,57,11,6,8,9,12,5,20,31,4.5,5.5
98,behavior,20,57,37,44,13,6,14,8,11,6,23,29,5.25,6
99,behavior,60,67,7,51,8,9,10,8,13,11,19,27,3,5
100,behavior,57,58,1,52,10,6,11,9,12,8,16,25,3.5,4
101,behavior,46,50,4,45,10,11,7,11,9,7,23,22,3,4.75
102,behavior,56,60,4,51,7,10,12,6,11,9,26,31,6.5,5.25
103,behavior,30,48,18,34,11,6,10,8,13,6,31,30,4,3.75
104,behavior,47,49,2,46,12,8,7,7,9,9,16,26,3.25,4.25
105,behavior,33,60,27,61,13,9,12,7,9,11,24,27,1,1.5
106,behavior,41,39,-2,51,9,5,13,8,10,7,20,25,6,4.75
107,behavior,50,67,17,44,14,1,13,6,12,3,21,23,4,3.75
108,behavior,46,66,20,39,13,6,11,8,10,3,18,26,5,5.5
109,behavior,61,66,5,43,14,8,9,4,9,7,11,24,5.75,5
110,behavior,62,70,8,47,10,6,12,10,14,4,20,28,6,5.25
111,behavior,49,70,21,57,13,2,11,6,14,2,18,15,4.25,5
112,behavior,50,70,20,60,9,6,10,4,11,7,21,28,5.5,5.25
113,behavior,54,61,7,43,11,7,9,8,8,10,20,23,2.25,1.25
114,behavior,44,53,9,50,11,11,8,13,11,9,25,26,6.25,6.25
115,behavior,46,53,7,30,14,14,7,11,8,10,30,33,5.25,3.5
116,behavior,26,68,42,69,9,9,14,8,12,13,24,32,5.75,7
117,behavior,56,68,12,42,12,11,13,7,10,4,6,29,6.75,6.5
118,behavior,31,52,21,52,13,9,8,9,9,12,19,21,4,2
119,behavior,32,35,3,47,11,7,8,13,5,9,20,25,6.5,5.5
120,behavior,50,63,13,49,14,10,9,8,11,9,27,30,5.75,4.75
121,behavior,53,70,17,54,11,7,13,5,12,7,29,26,3.25,3
122,behavior,64,70,6,46,13,0,10,6,7,11,25,29,3,6.5
123,behavior,56,66,10,55,8,12,9,9,9,10,17,23,5.25,5
124,behavior,38,46,8,52,11,9,11,6,14,9,28,26,4,4
125,behavior,34,65,31,27,12,14,9,12,13,10,29,33,4.75,5.25
126,behavior,42,70,28,45,13,5,11,7,11,5,14,24,4.75,4.25
127,behavior,45,51,6,41,10,9,9,7,11,6,21,28,6,5.5
128,behavior,53,58,5,40,9,7,8,11,12,9,23,26,6.5,5.25
129,environment,18,61,43,55,14,2,11,6,9,7,17,28,4,5
130,environment,16,60,44,50,10,9,12,5,13,4,26,31,5.75,7
131,environment,58,63,5,45,11,7,6,12,10,8,21,30,2,5.5
132,environment,59,62,3,48,13,9,9,6,10,11,19,23,3,5
133,environment,52,43,-9,51,8,8,9,7,7,10,21,25,4,4.25
134,environment,57,59,2,47,10,12,9,7,8,7,28,29,5.5,6.25
135,environment,28,55,27,36,8,9,7,10,12,3,29,32,4.5,2.75
136,environment,45,49,4,42,11,5,10,4,8,7,19,23,2.75,5.25
137,environment,35,60,25,55,10,7,14,10,12,13,21,29,1.5,1
138,environment,37,46,9,56,12,1,10,5,12,10,17,27,5.25,3.75
139,environment,54,67,13,48,13,0,14,3,14,1,18,25,5,4.75
140,environment,49,61,12,33,10,8,7,6,8,5,21,28,5.5,6
141,environment,55,66,11,39,11,6,7,5,7,3,9,26,5,5.75
142,environment,64,65,1,51,13,3,9,12,12,7,22,26,5.5,6.25
143,environment,47,61,14,53,10,4,13,3,11,6,16,13,5.25,5.5
144,environment,51,68,17,54,11,2,7,5,13,5,19,30,5,6.25
145,environment,60,64,4,49,13,5,11,4,11,7,17,26,2.75,1.75
146,environment,40,63,23,52,8,9,10,11,14,11,22,28,5.75,6.75
147,environment,43,53,10,32,12,12,6,14,4,12,33,31,4.25,4.5
148,environment,22,67,45,70,11,11,12,10,14,11,22,29,5.5,6.5
149,environment,52,64,12,46,14,9,14,5,7,7,4,26,7,7
150,environment,37,46,9,48,11,12,11,7,7,9,21,23,3,3
151,environment,30,35,5,41,14,9,6,11,6,11,18,27,7,4.5
152,environment,48,59,11,43,12,12,11,10,9,7,24,28,5.25,5.75
153,environment,54,68,14,59,13,4,11,8,14,5,27,28,2.5,2
154,environment,66,70,4,40,11,1,8,7,5,9,23,26,4,5.5
155,environment,53,58,5,59,10,10,7,7,11,8,19,20,4.25,6
156,environment,41,45,4,57,8,7,13,4,12,7,26,28,3,4.5
157,environment,30,66,36,23,10,13,6,10,11,12,27,30,5.75,4.25
158,environment,44,70,26,39,12,8,13,4,9,3,12,22,3.75,5.25
159,environment,43,49,6,47,8,7,12,9,9,3,19,26,5.5,6.5
160,environment,50,58,8,44,11,4,6,13,9,11,26,24,5.5,5.75
