"outcome","n","df_num","df_denom","F","p","R2","adjusted_R2"
"nfc_pre",160,4,155,0.0154299843719895,0.999527744594481,0.000398034650414298,-0.0253981451005427
"autonomy_sat_pre",160,4,155,0.0632511599306842,0.992563125362312,0.00162962797602439,-0.0241347687213687
"autonomy_frus_pre",160,4,155,0.213233077039047,0.93077808900419,0.00547267411350176,-0.0201925471996982
"competence_sat_pre",160,4,155,0.397851147563821,0.809966405280301,0.0101627838029771,-0.0153814024214622
"competence_frus_pre",160,4,155,0.263684948540889,0.900889345157561,0.00675878089672099,-0.0188732505640088
"relatedness_sat_pre",160,4,155,0.382622448314094,0.820821392894916,0.00977758259926119,-0.0157765443014031
"relatedness_frus_pre",160,4,155,0.0566165362675028,0.993987765844005,0.00145894028701499,-0.0243098612539654
"normative_influence_pre",160,4,155,0.172031401483197,0.952432131808917,0.00441989781336648,-0.0212724919204821
"informational_influence_pre",160,4,155,0.0051982024280635,0.99994564767748,0.000134129166387229,-0.0256688610486737
"topic_involvement_pre",160,4,155,0.105579280165274,0.980426230459375,0.00271722316643389,-0.0230191065583034
"info_processing_motivation_pre",160,4,155,0.207579628269933,0.933911559992193,0.00532835022736629,-0.0203405955732179
