"term","estimate","se","t","p","ci_low","ci_high"
"(Intercept)",3.02036161457812,3.2279823264754,0.935680963865751,0.351014907107635,-3.36036586522107,9.4010890943773
"groupconcept",0.934010083530073,0.675096351671994,1.3835211540054,0.168661093864037,-0.400447607670823,2.26846777473097
"groupemotion",1.17536364599923,0.675502867824392,1.73998320656247,0.0840133765848405,-0.159897602508445,2.5106248945069
"groupbehavior",0.864668107458916,0.676402582720063,1.27833353915026,0.203202803393942,-0.472371600463393,2.20170781538122
"groupenvironment",2.04652521246228,0.678661458280446,3.01553180527983,0.00303652224214336,0.705020402843666,3.38803002208089
"bcis_reflection_pre",0.365766916366286,0.0522662685360032,6.99814481904959,9.2574401248661e-11,0.262452591136265,0.469081241596306
"nfc_pre",0.141785393490664,0.0334653600317758,4.23678075944909,4.04221700258986e-05,0.0756346774149416,0.207936109566387
"autonomy_sat_pre",0.0517916330701493,0.130281319272125,0.397536909815672,0.691564351001273,-0.20573443427106,0.309317700411358
"autonomy_frus_pre",0.260860289139985,0.0852986592689274,3.05819917189497,0.00265875186509625,0.0922510948692244,0.429469483410745
"competence_sat_pre",0.405511215336287,0.11821457155688,3.43029805882409,0.000788279877833326,0.171837394058189,0.639185036614384
"competence_frus_pre",0.269208753208423,0.115708108003805,2.3266196107845,0.0213900464487523,0.0404894388800843,0.497928067536762
"relatedness_sat_pre",-0.0188045671534218,0.108482304918444,-0.173342253075826,0.862627539449514,-0.23324069289915,0.195631558592307
"relatedness_frus_pre",-0.0576994949132584,0.100124071752837,-0.576279948499231,0.565331896691786,-0.255613966372055,0.140214976545538
"normative_influence_pre",0.0152891571577783,0.0493207163217135,0.309994628992184,0.757016343216043,-0.0822027179916612,0.112781032307218
"informational_influence_pre",0.0413234102153205,0.0658317111437251,0.627712837740195,0.531193175660636,-0.0888056195788486,0.17145244000949
"topic_involvement_pre",0.562533877616656,0.220473393953308,2.5514819159349,0.0117773250281701,0.126725839938051,0.99834191529526
"info_processing_motivation_pre",-0.842402106639246,0.206676366522234,-4.07594792193436,7.57011862954747e-05,-1.25093766784023,-0.433866545438268
