"outcome","phase","n","df_num","df_denom","F","p","R2","adjusted_R2"
"pbs","pre",160,4,155,0.0176014478610338,0.999387287195107,0.000454024680497869,-0.0253407101664571
"pbs","post",160,4,155,2.37695126385102,0.0543206957962678,0.0577954647939166,0.0334805090466627
"pbs","change",160,4,155,1.27775172462153,0.281115792093008,0.0319216460972393,0.0069389788997487
"cfi_alternatives","pre",160,4,155,0.0933869316137608,0.984433412810613,0.00240419126628104,-0.0233402167010408
"cfi_alternatives","post",160,4,155,0.135527129048645,0.969012084789334,0.00348528460470329,-0.0222312241796916
"cfi_alternatives","change",160,4,155,0.303057912700013,0.875577130928794,0.00776015833068629,-0.0178460311317477
"cfi_control","pre",160,4,155,0.0568328875851954,0.993943501428453,0.0014645072363887,-0.0243041506413819
"cfi_control","post",160,4,155,0.213634630861112,0.930553707873826,0.00548292357438089,-0.0201820332366029
"cfi_control","change",160,4,155,0.387597936458379,0.817284638557755,0.00990346768566792,-0.0156474105676052
"bcis_total","pre",160,4,155,0.0320888168803235,0.998003345986272,0.000827413320407757,-0.0249576856906786
"bcis_total","post",160,4,155,0.636518500011359,0.637201155248162,0.0161608216276129,-0.00922857652393261
"bcis_total","change",160,4,155,0.851004173187271,0.494988008172738,0.0214894594456638,-0.00376242547186756
"bcis_reflection","pre",160,4,155,0.0275602272633294,0.998518042719755,0.000710726180342637,-0.0250773841117777
"bcis_reflection","post",160,4,155,0.872130183053204,0.482150533862843,0.0220111886721886,-0.0032272322653033
"bcis_reflection","change",160,4,155,0.592606149341138,0.66849180196487,0.0150627070075545,-0.010355029585799
"bcis_certainty","pre",160,4,155,0.0958053779914419,0.983669839211012,0.0024662991810622,-0.023276506001362
"bcis_certainty","post",160,4,155,0.231422687489275,0.920382917105632,0.00593674297997205,-0.0197165023624803
"bcis_certainty","change",160,4,155,0.597675574329669,0.664852961060321,0.0151896030859722,-0.0102248587698737
