"group","outcome","n","mean","sd","se","min","max"
"control","pbs_pre",32,45.0625,11.9216190175664,2.10746441251092,19,63
"control","pbs_post",32,54.78125,9.18179958114895,1.62312818683156,32,69
"control","pbs_change",32,9.71875,10.4672588610637,1.85036743027328,-3,44
"concept","pbs_pre",32,45.34375,12.5508240958063,2.21869320690603,17,65
"concept","pbs_post",32,61.15625,8.79556110554013,1.55485022551702,41,70
"concept","pbs_change",32,15.8125,12.2722805935874,2.16945320708743,-2,47
"emotion","pbs_pre",32,44.8125,11.5659051219661,2.04458248557562,19,61
"emotion","pbs_post",32,56.4375,9.62167412164982,1.70088775444643,33,70
"emotion","pbs_change",32,11.625,11.2815864818911,1.99432157597191,-4,37
"behavior","pbs_pre",32,45.5,11.7692875329078,2.08053575606334,20,64
"behavior","pbs_post",32,59.375,9.63779522371136,1.70373758959341,35,70
"behavior","pbs_change",32,13.875,11.1752895610894,1.97553075759239,-2,42
"environment","pbs_pre",32,44.9375,12.9089553811398,2.28200247200963,16,66
"environment","pbs_post",32,58.78125,8.77950095943808,1.55201116596312,35,70
"environment","pbs_change",32,13.84375,13.3298340502218,2.35640401225079,-9,45
