"family","question","comparison","a_count","a_n","b_count","b_n","a_percent","b_percent","odds_ratio_conditional","p","p_holm_3"
"response_rate","最有帮助的内容","combined - conceptual",186,254,146,254,73.2283464566929,57.4803149606299,2.02054028310388,0.000265436915436233,0.000530873830872466
"response_rate","最有帮助的内容","conceptual - control",146,254,191,254,57.4803149606299,75.1968503937008,0.446619241037447,3.35965717324309e-05,0.000100789715197293
"response_rate","最有帮助的内容","combined - control",186,254,191,254,73.2283464566929,75.1968503937008,0.902400919940386,0.68506917525994,0.68506917525994
"response_rate","不舒服、反感或不适用","combined - conceptual",185,254,140,254,72.8346456692913,55.1181102362205,2.17982257075415,4.49183889297194e-05,0.000134755166789158
"response_rate","不舒服、反感或不适用","conceptual - control",140,254,185,254,55.1181102362205,72.8346456692913,0.458752934030788,4.49183889297194e-05,0.000134755166789158
"response_rate","不舒服、反感或不适用","combined - control",185,254,185,254,72.8346456692913,72.8346456692913,1,1,1
"response_rate","看待方式是否变化","combined - conceptual",184,254,140,254,72.4409448818898,55.1181102362205,2.13715703966021,6.82407811138183e-05,0.000136481562227637
"response_rate","看待方式是否变化","conceptual - control",140,254,188,254,55.1181102362205,74.0157480314961,0.431859994201508,1.1990724782195e-05,3.59721743465851e-05
"response_rate","看待方式是否变化","combined - control",184,254,188,254,72.4409448818898,74.0157480314961,0.922943993924928,0.763780456976083,0.763780456976083
"response_rate","变化或不变的原因","combined - conceptual",193,254,146,254,75.9842519685039,57.4803149606299,2.33646058564943,1.35486664854269e-05,4.06459994562805e-05
"response_rate","变化或不变的原因","conceptual - control",146,254,192,254,57.4803149606299,75.5905511811024,0.43726024549009,2.14638979596303e-05,4.29277959192607e-05
"response_rate","变化或不变的原因","combined - control",193,254,192,254,75.9842519685039,75.5905511811024,1.0216490628187,1,1
"content_nonblank","最有帮助的内容","combined - conceptual",118,186,83,146,63.4408602150538,56.8493150684931,1.31603170373087,0.258087023340847,0.516174046681694
"content_nonblank","最有帮助的内容","conceptual - control",83,146,131,191,56.8493150684931,68.586387434555,0.604322671157794,0.0302327343689431,0.0906982031068294
"content_nonblank","最有帮助的内容","combined - control",118,186,131,191,63.4408602150538,68.586387434555,0.795282338208973,0.327886025568754,0.516174046681694
"content_nonblank","不舒服、反感或不适用","combined - conceptual",31,185,18,140,16.7567567567568,12.8571428571429,1.36307218875796,0.351973428847226,0.351973428847226
"content_nonblank","不舒服、反感或不适用","conceptual - control",18,140,52,185,12.8571428571429,28.1081081081081,0.378449274069538,0.00100755307478278,0.00302265922434834
"content_nonblank","不舒服、反感或不适用","combined - control",31,185,52,185,16.7567567567568,28.1081081081081,0.515779473680426,0.0123923384940489,0.0247846769880978
"content_nonblank","看待方式是否变化","combined - conceptual",99,184,62,140,53.804347826087,44.2857142857143,1.46350682002331,0.0938842304599682,0.187768460919936
"content_nonblank","看待方式是否变化","conceptual - control",62,140,106,188,44.2857142857143,56.3829787234043,0.615839903568827,0.0340775488381273,0.102232646514382
"content_nonblank","看待方式是否变化","combined - control",99,184,106,188,53.804347826087,56.3829787234043,0.901252685948782,0.676817320064575,0.676817320064575
"content_nonblank","变化或不变的原因","combined - conceptual",123,193,85,146,63.7305699481865,58.2191780821918,1.26012734961092,0.31278871329616,0.387045485924301
"content_nonblank","变化或不变的原因","conceptual - control",85,146,135,192,58.2191780821918,70.3125,0.589270581343851,0.0218585725723164,0.0655757177169491
"content_nonblank","变化或不变的原因","combined - control",123,193,135,192,63.7305699481865,70.3125,0.74249027565658,0.193522742962151,0.387045485924301
