"question","group","theme","total_n","nonblank_n","response_rate"
"最有帮助的内容","control","procrastination",88,88,1
"最有帮助的内容","control","social_media",83,51,0.614457831325301
"最有帮助的内容","control","multitasking",83,52,0.626506024096386
"最有帮助的内容","conceptual","procrastination",88,87,0.988636363636364
"最有帮助的内容","conceptual","social_media",83,32,0.385542168674699
"最有帮助的内容","conceptual","multitasking",83,27,0.325301204819277
"最有帮助的内容","combined","procrastination",88,88,1
"最有帮助的内容","combined","social_media",83,51,0.614457831325301
"最有帮助的内容","combined","multitasking",83,47,0.566265060240964
"不舒服、反感或不适用","control","procrastination",88,88,1
"不舒服、反感或不适用","control","social_media",83,48,0.578313253012048
"不舒服、反感或不适用","control","multitasking",83,49,0.590361445783133
"不舒服、反感或不适用","conceptual","procrastination",88,87,0.988636363636364
"不舒服、反感或不适用","conceptual","social_media",83,28,0.337349397590361
"不舒服、反感或不适用","conceptual","multitasking",83,25,0.301204819277108
"不舒服、反感或不适用","combined","procrastination",88,88,1
"不舒服、反感或不适用","combined","social_media",83,50,0.602409638554217
"不舒服、反感或不适用","combined","multitasking",83,47,0.566265060240964
"看待方式是否变化","control","procrastination",88,88,1
"看待方式是否变化","control","social_media",83,49,0.590361445783133
"看待方式是否变化","control","multitasking",83,51,0.614457831325301
"看待方式是否变化","conceptual","procrastination",88,87,0.988636363636364
"看待方式是否变化","conceptual","social_media",83,28,0.337349397590361
"看待方式是否变化","conceptual","multitasking",83,25,0.301204819277108
"看待方式是否变化","combined","procrastination",88,87,0.988636363636364
"看待方式是否变化","combined","social_media",83,50,0.602409638554217
"看待方式是否变化","combined","multitasking",83,47,0.566265060240964
"变化或不变的原因","control","procrastination",88,88,1
"变化或不变的原因","control","social_media",83,52,0.626506024096386
"变化或不变的原因","control","multitasking",83,52,0.626506024096386
"变化或不变的原因","conceptual","procrastination",88,87,0.988636363636364
"变化或不变的原因","conceptual","social_media",83,32,0.385542168674699
"变化或不变的原因","conceptual","multitasking",83,27,0.325301204819277
"变化或不变的原因","combined","procrastination",88,88,1
"变化或不变的原因","combined","social_media",83,54,0.650602409638554
"变化或不变的原因","combined","multitasking",83,51,0.614457831325301
