"family","question","group","yes","no","denominator","percent"
"response_rate","最有帮助的内容","control",191,63,254,75.1968503937008
"response_rate","最有帮助的内容","conceptual",146,108,254,57.4803149606299
"response_rate","最有帮助的内容","combined",186,68,254,73.2283464566929
"response_rate","不舒服、反感或不适用","control",185,69,254,72.8346456692913
"response_rate","不舒服、反感或不适用","conceptual",140,114,254,55.1181102362205
"response_rate","不舒服、反感或不适用","combined",185,69,254,72.8346456692913
"response_rate","看待方式是否变化","control",188,66,254,74.0157480314961
"response_rate","看待方式是否变化","conceptual",140,114,254,55.1181102362205
"response_rate","看待方式是否变化","combined",184,70,254,72.4409448818898
"response_rate","变化或不变的原因","control",192,62,254,75.5905511811024
"response_rate","变化或不变的原因","conceptual",146,108,254,57.4803149606299
"response_rate","变化或不变的原因","combined",193,61,254,75.9842519685039
"content_nonblank","最有帮助的内容","control",131,60,191,68.586387434555
"content_nonblank","最有帮助的内容","conceptual",83,63,146,56.8493150684931
"content_nonblank","最有帮助的内容","combined",118,68,186,63.4408602150538
"content_nonblank","不舒服、反感或不适用","control",52,133,185,28.1081081081081
"content_nonblank","不舒服、反感或不适用","conceptual",18,122,140,12.8571428571429
"content_nonblank","不舒服、反感或不适用","combined",31,154,185,16.7567567567568
"content_nonblank","看待方式是否变化","control",106,82,188,56.3829787234043
"content_nonblank","看待方式是否变化","conceptual",62,78,140,44.2857142857143
"content_nonblank","看待方式是否变化","combined",99,85,184,53.804347826087
"content_nonblank","变化或不变的原因","control",135,57,192,70.3125
"content_nonblank","变化或不变的原因","conceptual",85,61,146,58.2191780821918
"content_nonblank","变化或不变的原因","combined",123,70,193,63.7305699481865
