"theme","group","outcome","n","mean","sd","se","min","max"
"procrastination","control","pbs_pre",88,48.8636363636364,9.51487863088655,1.01428947007085,27,70
"procrastination","control","pbs_post",88,53.1818181818182,10.2290385100519,1.0904191689861,23,70
"procrastination","control","pbs_change",88,4.31818181818182,5.72461001943435,0.610245478499954,-14,22
"procrastination","combined","pbs_pre",88,48.9090909090909,9.70322421072473,1.03436717634281,22,70
"procrastination","combined","pbs_post",88,57.0681818181818,9.19744524066699,0.980450956975851,40,70
"procrastination","combined","pbs_change",88,8.15909090909091,8.41302542877435,0.896831524066328,-6,34
"procrastination","conceptual","pbs_pre",88,48.8295454545455,9.48225395256311,1.01081166767614,23,68
"procrastination","conceptual","pbs_post",88,54.9545454545455,9.19883687163837,0.980599305335851,32,70
"procrastination","conceptual","pbs_change",88,6.125,7.11290312070941,0.758238020351652,-8,26
"social_media","control","pbs_pre",83,54.8313253012048,9.30881994185954,1.02177573229548,35,70
"social_media","control","pbs_post",83,58.8915662650602,9.77679189264141,1.07314232716899,39,70
"social_media","control","pbs_change",83,4.06024096385542,4.20031763488325,0.461044756914607,-3,16
"social_media","combined","pbs_pre",83,55.421686746988,9.8452916590569,1.08066115333905,32,70
"social_media","combined","pbs_post",83,62.0963855421687,9.61022633401565,1.05485938188666,41,70
"social_media","combined","pbs_change",83,6.67469879518072,7.86487782879224,0.863282494786703,-5,33
"social_media","conceptual","pbs_pre",83,55.0722891566265,9.86838155180241,1.0831955983295,32,70
"social_media","conceptual","pbs_post",83,60.6265060240964,9.33614905122399,1.02477549176105,40,70
"social_media","conceptual","pbs_change",83,5.55421686746988,6.22985144881852,0.683815034125265,-7,26
"multitasking","control","pbs_pre",83,50.1686746987952,9.47759781892431,1.04030151107413,31,70
"multitasking","control","pbs_post",83,56.3614457831325,9.63805758344392,1.05791425838474,36,70
"multitasking","control","pbs_change",83,6.19277108433735,6.99382625192251,0.767672163038744,-9,24
"multitasking","combined","pbs_pre",83,51.0120481927711,10.0261779016095,1.10051599789515,29,70
"multitasking","combined","pbs_post",83,59.9277108433735,9.71142542164881,1.06596742485235,40,70
"multitasking","combined","pbs_change",83,8.91566265060241,9.11873549652249,1.00091125381751,-6,32
"multitasking","conceptual","pbs_pre",83,50.7228915662651,10.3938458022654,1.14087279293261,27,70
"multitasking","conceptual","pbs_post",83,57.9638554216867,9.49768364974058,1.04250621742996,37,70
"multitasking","conceptual","pbs_change",83,7.24096385542169,8.37328848393885,0.919087814119744,-8,29
