"theme","comparison","estimate","se","df","ci_low","ci_high","t","p","p_holm_9"
"procrastination","combined - conceptual",1.76047547880952,0.965664255291916,744,-0.135275668493897,3.65622662611294,1.82307201406905,0.0686936471640029,0.343468235820015
"procrastination","conceptual - control",1.25199435518762,0.891172239143339,744,-0.497517222508949,3.00150593288418,1.40488482494824,0.16047290019871,0.501655371573824
"procrastination","combined - control",3.01246983399714,0.932364672616573,744,1.18209101637825,4.84284865161603,3.23099954607138,0.00128786354859771,0.0115907719373794
"social_media","combined - conceptual",1.56644817195345,1.44166026584145,744,-1.26375817358898,4.39665451749587,1.0865584694735,0.277583887281749,0.555167774563499
"social_media","conceptual - control",2.229009107536,1.04718336627252,744,0.173223095814904,4.2847951192571,2.12857573881279,0.0336173283864032,0.201703970318419
"social_media","combined - control",3.79545727948945,1.29980961375993,744,1.24372612338851,6.3471884355904,2.92001016095766,0.00360598904350735,0.0288479123480588
"multitasking","combined - conceptual",1.77468292715485,1.15677346091512,744,-0.496245714640078,4.04561156894977,1.53416635764699,0.125413842893456,0.501655371573824
"multitasking","conceptual - control",1.07405250531394,1.02687692190997,744,-0.941868755292049,3.08997376591993,1.04594083516477,0.295928038635782,0.555167774563499
"multitasking","combined - control",2.84873543246879,1.09663175903301,744,0.695874431387486,5.00159643355009,2.59771378040407,0.00957024749072391,0.0669917324350674
