"question","group","theme","code","count","nonblank_n","percent"
"最有帮助的内容","control","all","例证、类比或理论依据",33,191,17.2774869109948
"最有帮助的内容","control","all","多种功能整合",1,191,0.523560209424084
"最有帮助的内容","control","all","情境或社会信息",2,191,1.04712041884817
"最有帮助的内容","control","all","情绪理解与支持",9,191,4.71204188481675
"最有帮助的内容","control","all","无帮助",56,191,29.3193717277487
"最有帮助的内容","control","all","概念解释与认知重构",63,191,32.9842931937173
"最有帮助的内容","control","all","笼统或无法判断",4,191,2.09424083769634
"最有帮助的内容","control","all","行动建议与自我检验",23,191,12.0418848167539
"最有帮助的内容","conceptual","all","例证、类比或理论依据",12,146,8.21917808219178
"最有帮助的内容","conceptual","all","情境或社会信息",3,146,2.05479452054795
"最有帮助的内容","conceptual","all","情绪理解与支持",17,146,11.6438356164384
"最有帮助的内容","conceptual","all","无帮助",63,146,43.1506849315069
"最有帮助的内容","conceptual","all","概念解释与认知重构",51,146,34.9315068493151
"最有帮助的内容","combined","all","例证、类比或理论依据",9,186,4.83870967741935
"最有帮助的内容","combined","all","多种功能整合",13,186,6.98924731182796
"最有帮助的内容","combined","all","情境或社会信息",10,186,5.37634408602151
"最有帮助的内容","combined","all","情绪理解与支持",27,186,14.5161290322581
"最有帮助的内容","combined","all","无帮助",63,186,33.8709677419355
"最有帮助的内容","combined","all","概念解释与认知重构",15,186,8.06451612903226
"最有帮助的内容","combined","all","笼统或无法判断",5,186,2.68817204301075
"最有帮助的内容","combined","all","行动建议与自我检验",44,186,23.6559139784946
"不舒服、反感或不适用","control","all","个体差异或适用范围有限",7,185,3.78378378378378
"不舒服、反感或不适用","control","all","实质性观点不认同",2,185,1.08108108108108
"不舒服、反感或不适用","control","all","无明显问题",133,185,71.8918918918919
"不舒服、反感或不适用","control","all","概念、边界或判断标准不清",14,185,7.56756756756757
"不舒服、反感或不适用","control","all","表述过度概括或过于绝对",4,185,2.16216216216216
"不舒服、反感或不适用","control","all","证据来源或可信度问题",20,185,10.8108108108108
"不舒服、反感或不适用","control","all","语气、篇幅或表达方式问题",5,185,2.7027027027027
"不舒服、反感或不适用","conceptual","all","个体差异或适用范围有限",6,140,4.28571428571429
"不舒服、反感或不适用","conceptual","all","建议不可行或可能产生风险",4,140,2.85714285714286
"不舒服、反感或不适用","conceptual","all","无明显问题",122,140,87.1428571428571
"不舒服、反感或不适用","conceptual","all","概念、边界或判断标准不清",1,140,0.714285714285714
"不舒服、反感或不适用","conceptual","all","表述过度概括或过于绝对",7,140,5
"不舒服、反感或不适用","combined","all","个体差异或适用范围有限",11,185,5.94594594594595
"不舒服、反感或不适用","combined","all","实质性观点不认同",1,185,0.540540540540541
"不舒服、反感或不适用","combined","all","建议不可行或可能产生风险",2,185,1.08108108108108
"不舒服、反感或不适用","combined","all","无明显问题",154,185,83.2432432432432
"不舒服、反感或不适用","combined","all","概念、边界或判断标准不清",1,185,0.540540540540541
"不舒服、反感或不适用","combined","all","表述过度概括或过于绝对",4,185,2.16216216216216
"不舒服、反感或不适用","combined","all","证据来源或可信度问题",2,185,1.08108108108108
"不舒服、反感或不适用","combined","all","语气、篇幅或表达方式问题",10,185,5.40540540540541
"看待方式是否变化","control","all","反向理解或仍持反对态度",7,188,3.72340425531915
"看待方式是否变化","control","all","明确变化",62,188,32.9787234042553
"看待方式是否变化","control","all","有限变化：原先已经认同",1,188,0.531914893617021
"看待方式是否变化","control","all","有限或保留性的变化",36,188,19.1489361702128
"看待方式是否变化","control","all","没有变化：不相信或不适用",2,188,1.06382978723404
"看待方式是否变化","control","all","没有变化：原先已经认同",4,188,2.12765957446809
"看待方式是否变化","control","all","没有变化：未说明原因",69,188,36.7021276595745
"看待方式是否变化","control","all","表示有变化但未说明",7,188,3.72340425531915
"看待方式是否变化","conceptual","all","明确变化",26,140,18.5714285714286
"看待方式是否变化","conceptual","all","有限或保留性的变化",36,140,25.7142857142857
"看待方式是否变化","conceptual","all","没有变化：原先已经认同",6,140,4.28571428571429
"看待方式是否变化","conceptual","all","没有变化：未说明原因",72,140,51.4285714285714
"看待方式是否变化","combined","all","明确变化",75,184,40.7608695652174
"看待方式是否变化","combined","all","有限或保留性的变化",15,184,8.15217391304348
"看待方式是否变化","combined","all","没有变化：原先已经认同",6,184,3.26086956521739
"看待方式是否变化","combined","all","没有变化：未说明原因",79,184,42.9347826086956
"看待方式是否变化","combined","all","表示有变化但未说明",9,184,4.89130434782609
"变化或不变的原因","control","all","例证、类比、理论或个人经验",17,192,8.85416666666667
"变化或不变的原因","control","all","原有观点与文章一致",19,192,9.89583333333333
"变化或不变的原因","control","all","多种功能整合",12,192,6.25
"变化或不变的原因","control","all","情境或社会信息",3,192,1.5625
"变化或不变的原因","control","all","情绪理解与接受",9,192,4.6875
"变化或不变的原因","control","all","未提供原因",56,192,29.1666666666667
"变化或不变的原因","control","all","概念解释与认知重构",32,192,16.6666666666667
"变化或不变的原因","control","all","笼统或无法判断",1,192,0.520833333333333
"变化或不变的原因","control","all","行动建议或自我验证",30,192,15.625
"变化或不变的原因","control","all","证据、可信度或适用性不足",13,192,6.77083333333333
"变化或不变的原因","conceptual","all","例证、类比、理论或个人经验",31,146,21.2328767123288
"变化或不变的原因","conceptual","all","原有观点与文章一致",6,146,4.10958904109589
"变化或不变的原因","conceptual","all","多种功能整合",1,146,0.684931506849315
"变化或不变的原因","conceptual","all","情绪理解与接受",3,146,2.05479452054795
"变化或不变的原因","conceptual","all","未提供原因",61,146,41.7808219178082
"变化或不变的原因","conceptual","all","概念解释与认知重构",28,146,19.1780821917808
"变化或不变的原因","conceptual","all","行动建议或自我验证",11,146,7.53424657534247
"变化或不变的原因","conceptual","all","证据、可信度或适用性不足",5,146,3.42465753424658
"变化或不变的原因","combined","all","例证、类比、理论或个人经验",15,193,7.7720207253886
"变化或不变的原因","combined","all","原有观点与文章一致",12,193,6.21761658031088
"变化或不变的原因","combined","all","多种功能整合",11,193,5.69948186528497
"变化或不变的原因","combined","all","情境或社会信息",5,193,2.59067357512953
"变化或不变的原因","combined","all","情绪理解与接受",11,193,5.69948186528497
"变化或不变的原因","combined","all","未提供原因",68,193,35.2331606217617
"变化或不变的原因","combined","all","概念解释与认知重构",20,193,10.3626943005181
"变化或不变的原因","combined","all","笼统或无法判断",2,193,1.03626943005181
"变化或不变的原因","combined","all","行动建议或自我验证",41,193,21.2435233160622
"变化或不变的原因","combined","all","证据、可信度或适用性不足",8,193,4.14507772020725
